{
  "wolfram_original": {
    "n_hyperedges": 202,
    "n_vertices": 205,
    "n_edges": 408,
    "dimension": {
      "avg_degree": 3.9804878048780488,
      "dim_from_degree": 1.9902439024390244,
      "dim_spectral": 10.321596489598257
    },
    "ricci": {
      "mean": 0.010723039215687529,
      "std": 0.32426991183091,
      "median": -0.013480392156861642,
      "min": -0.3504901960784286,
      "max": 0.5,
      "nonzero_fraction": 1.0,
      "positive_fraction": 0.5,
      "negative_fraction": 0.5,
      "n_computed": 408,
      "n_skipped": 0
    },
    "verdict": "NONZERO",
    "curvature_histogram": {
      "bins": [
        -0.3504901960784286,
        -0.30796568627450716,
        -0.26544117647058574,
        -0.22291666666666426,
        -0.18039215686274285,
        -0.13786764705882143,
        -0.09534313725489996,
        -0.05281862745097854,
        -0.010294117647057122,
        0.032230392156864296,
        0.07475490196078571,
        0.11727941176470719,
        0.15980392156862866,
        0.20232843137255008,
        0.2448529411764715,
        0.2873774509803929,
        0.32990196078431433,
        0.37242647058823575,
        0.41495098039215716,
        0.4574754901960786,
        0.5
      ],
      "counts": [
        201,
        0,
        3,
        0,
        0,
        0,
        0,
        0,
        0,
        0,
        0,
        0,
        0,
        2,
        0,
        0,
        196,
        4,
        0,
        2
      ]
    }
  },
  "rule_2d_binary": {
    "n_hyperedges": 402,
    "n_vertices": 403,
    "n_edges": 402,
    "dimension": {
      "avg_degree": 1.9950372208436724,
      "dim_from_degree": 0.9975186104218362,
      "dim_from_volume_scaling": 0.8550730282241553,
      "volume_scaling_r2": 0.9976588273674224,
      "dim_spectral": 1.0016205318079654
    },
    "ricci": {
      "mean": 0.0024875621890547276,
      "std": 0.04064710109046814,
      "median": 0.0,
      "min": -0.16666666666666652,
      "max": 0.5,
      "nonzero_fraction": 0.017412935323383085,
      "positive_fraction": 0.009950248756218905,
      "negative_fraction": 0.007462686567164179,
      "n_computed": 402,
      "n_skipped": 0
    },
    "verdict": "WEAK",
    "curvature_histogram": {
      "bins": [
        -0.16666666666666652,
        -0.1333333333333332,
        -0.09999999999999987,
        -0.06666666666666654,
        -0.033333333333333215,
        1.1102230246251565e-16,
        0.03333333333333344,
        0.06666666666666676,
        0.10000000000000009,
        0.13333333333333341,
        0.16666666666666674,
        0.20000000000000007,
        0.2333333333333334,
        0.2666666666666667,
        0.30000000000000004,
        0.33333333333333337,
        0.3666666666666667,
        0.4,
        0.43333333333333335,
        0.4666666666666667,
        0.5
      ],
      "counts": [
        3,
        0,
        0,
        0,
        395,
        0,
        0,
        0,
        0,
        0,
        0,
        0,
        0,
        0,
        1,
        2,
        0,
        0,
        0,
        1
      ]
    }
  },
  "rule_star_expansion": {
    "n_hyperedges": 203,
    "n_vertices": 204,
    "n_edges": 203,
    "dimension": {
      "avg_degree": 1.9901960784313726,
      "dim_from_degree": 0.9950980392156863,
      "dim_from_volume_scaling": 0.8558961178767559,
      "volume_scaling_r2": 0.9975514541378359,
      "dim_spectral": 1.0041236125350128
    },
    "ricci": {
      "mean": 0.0049261083743842365,
      "std": 0.04938408289596902,
      "median": 0.0,
      "min": -0.25,
      "max": 0.5,
      "nonzero_fraction": 0.024630541871921183,
      "positive_fraction": 0.019704433497536946,
      "negative_fraction": 0.0049261083743842365,
      "n_computed": 203,
      "n_skipped": 0
    },
    "verdict": "WEAK",
    "curvature_histogram": {
      "bins": [
        -0.25,
        -0.2125,
        -0.175,
        -0.1375,
        -0.1,
        -0.0625,
        -0.025000000000000022,
        0.012500000000000011,
        0.04999999999999999,
        0.08749999999999997,
        0.125,
        0.16249999999999998,
        0.19999999999999996,
        0.2375,
        0.275,
        0.3125,
        0.35,
        0.38749999999999996,
        0.42499999999999993,
        0.4625,
        0.5
      ],
      "counts": [
        1,
        0,
        0,
        0,
        0,
        0,
        198,
        0,
        0,
        0,
        0,
        0,
        0,
        3,
        0,
        0,
        0,
        0,
        0,
        1
      ]
    }
  },
  "rule_bidir": {
    "n_hyperedges": 3195,
    "n_vertices": 1599,
    "n_edges": 2441,
    "dimension": {
      "avg_degree": 3.0531582238899313,
      "dim_from_degree": 1.5265791119449656,
      "dim_from_volume_scaling": 1.8381192074561261,
      "volume_scaling_r2": 0.9638405018249329,
      "dim_spectral": 1.7820317683894635
    },
    "ricci": {
      "mean": -0.06333333333333337,
      "std": 0.2809754833116623,
      "median": -0.16666666666666652,
      "min": -0.5,
      "max": 0.6666666666666666,
      "nonzero_fraction": 0.87,
      "positive_fraction": 0.36,
      "negative_fraction": 0.51,
      "n_computed": 500,
      "n_skipped": 0
    },
    "verdict": "NONZERO",
    "curvature_histogram": {
      "bins": [
        -0.5,
        -0.44166666666666665,
        -0.38333333333333336,
        -0.325,
        -0.2666666666666667,
        -0.20833333333333337,
        -0.15000000000000002,
        -0.09166666666666673,
        -0.03333333333333338,
        0.02499999999999991,
        0.08333333333333326,
        0.1416666666666666,
        0.19999999999999996,
        0.2583333333333333,
        0.31666666666666654,
        0.3749999999999999,
        0.43333333333333324,
        0.4916666666666666,
        0.5499999999999998,
        0.6083333333333332,
        0.6666666666666666
      ],
      "counts": [
        9,
        80,
        61,
        5,
        0,
        100,
        0,
        0,
        65,
        0,
        19,
        85,
        27,
        0,
        33,
        0,
        0,
        0,
        0,
        16
      ]
    }
  }
}